benchmark,instance,result,time,accuracy
Beam, , 0, , 
Powertrain, , 0, , 
Platoon, , 0, , 
Brake, , 0, , 
Rendezvous, SRA08, 1, 454.1576225757599
Rendezvous, SRU01, 1, 50.65741729736328
Rendezvous, SRU02, 1, 1201.2257905006409
SpaceStation, ISS02, 1, 3849.226957321167
SpaceStation, ISSU02, 1, 1203.2798550128937
Gear, GRBX01, 0, 27.32925796508789
Gear, GRBX02, 0, 28.66756582260132
Heat3D, HEAT01, 1, 58.05956721305847
Heat3D, HEAT02, 1, 893.9262940883636
